0.11	3.63E-09	1.15E-09	7.27E-09	1.43E-09	1.13E-08	2.33E-09	9.37E-09	0.000000003
66.41	7.05E-08	1.87E-08	0.000000144	2.19E-08	0.00000023	4.04E-08	0.000000194	5.52E-08
10.62	6.05E-08	8.56E-09	7.41E-08	8.44E-09	6.57E-08	1.41E-08	3.49E-08	1.13E-08
23.84	0.000000339	3.73E-08	0.00000102	4.47E-08	0.00000173	0.000000075	0.000000984	0.000000106
28.74	0.00000186	0.000000168	0.00000413	0.000000155	0.00000604	0.000000237	0.00000381	0.000000293
21.68	0.000000122	1.63E-08	0.000000184	0.000000016	0.000000207	2.83E-08	0.000000133	2.81E-08
158.43	0.00000135	0.000000146	0.00000287	0.000000136	0.00000426	0.000000211	0.00000294	0.000000275
95.57	0.000000759	5.37E-08	0.000000978	4.17E-08	0.00000092	6.18E-08	0.000000513	5.51E-08
151.74	0.000000278	3.74E-08	0.000000393	3.64E-08	0.000000411	6.47E-08	0.000000249	6.01E-08
29.44	0.000000904	3.47E-08	0.00000192	4.26E-08	0.00000321	5.93E-08	0.0000028	8.45E-08
33.3	0.000000948	7.26E-08	0.00000191	8.72E-08	0.00000298	0.000000119	0.00000247	0.000000154
4.79	2.21E-08	5.4E-09	3.39E-08	7.56E-09	1.07E-08	7.91E-09	3.51E-09	
64	0.000000596	6.87E-08	0.00000128	7.33E-08	0.00000164	0.000000108	0.000000829	0.000000156
26.46	3.25E-08	0.000000007	9.63E-08	0.000000012	0.000000232	2.03E-08	0.000000268	3.73E-08
6.62	0.000000197	0.000000025	0.000000133	2.15E-08	5.87E-08	2.01E-08	1.76E-08	9.05E-09
3.4	0.000000103	2.29E-08	0.000000279	2.67E-08	0.000000456	4.61E-08	0.000000272	6.78E-08
81.78	0.000000779	6.44E-08	0.00000143	5.72E-08	0.00000181	8.23E-08	0.00000109	0.000000128
11.04	2.13E-08	7.78E-09	3.69E-08	8.75E-09	0.000000049	1.66E-08	3.58E-08	1.86E-08
80	7.24E-08	1.48E-08	0.000000141	1.79E-08	0.000000212	3.29E-08	0.000000171	4.08E-08
16.62	6.97E-08	8.38E-09	0.000000121	9.24E-09	0.000000162	1.77E-08	0.000000118	0.00000002
58.88	0.0000003	0.00000004	0.000000588	4.77E-08	0.000000893	7.12E-08	0.000000725	8.92E-08
11.39	8.25E-08	9.61E-09	0.000000104	8.45E-09	9.65E-08	1.49E-08	0.000000053	1.27E-08
0.02	7.56E-10	3.06E-10	1.57E-09	4.22E-10	2.57E-09	8.03E-10	2.22E-09	0.000000001
8.84	0.0000022	9.78E-08	0.0000044	7.64E-08	0.00000555	8.82E-08	0.00000299	0.000000081
10.08	0.000000121	2.18E-08	0.000000143	1.98E-08	0.000000121	2.96E-08	6.18E-08	2.28E-08
22	0.000000663	5.44E-08	0.00000147	7.11E-08	0.00000257	0.000000112	0.00000233	0.000000161
48	0.000000125	1.76E-08	0.000000179	1.68E-08	0.00000019	2.97E-08	0.000000117	2.81E-08
30.4	0.000000224	1.73E-08	0.000000367	1.68E-08	0.000000457	2.89E-08	0.000000317	3.21E-08
51.61	0.000000146	2.53E-08	0.000000269	2.81E-08	0.000000382	4.94E-08	0.000000294	5.98E-08
94.91	0.000000703	0.00000005	0.00000127	5.23E-08	0.00000175	8.53E-08	0.00000132	0.000000104
122.03	0.00000055	7.74E-08	0.00000104	8.82E-08	0.00000153	0.000000142	0.0000012	0.000000175
46.87	0.000000169	3.69E-08	0.00000024	4.41E-08	0.000000109	0.000000057	4.66E-08	
49.62	0.000000211	2.12E-08	0.000000361	2.14E-08	0.000000468	3.96E-08	0.000000336	4.53E-08
69.02	0.000000624	6.13E-08	0.0000015	6.67E-08	0.0000024	0.000000107	0.00000163	0.000000169
77.84	0.000000668	3.94E-08	0.0000014	4.74E-08	0.0000023	6.88E-08	0.00000197	0.000000097
94.37	0.00000072	9.41E-08	0.00000105	8.44E-08	0.00000114	0.000000136	0.000000709	0.000000133
99.14	0.000000209	3.45E-08	0.000000297	3.02E-08	0.000000312	5.35E-08	0.00000019	5.15E-08
49.7	0.000000126	3.37E-08	0.000000338	5.43E-08	0.000000731	7.94E-08	0.000000775	0.000000127
145.05	0.000000322	3.38E-08	0.000000588	0.000000036	0.000000826	6.35E-08	0.00000063	7.76E-08
19.4	6.83E-08	1.15E-08	9.27E-08	1.13E-08	9.28E-08	2.11E-08	5.42E-08	1.89E-08
27.46	0.000000291	4.25E-08	0.000000541	4.76E-08	0.000000774	7.58E-08	0.0000006	0.000000092
88.12	0.000000258	2.88E-08	0.000000507	0.000000033	0.000000773	5.52E-08	0.000000629	7.19E-08
0.45	2.72E-09	1.78E-09	1.16E-08	3.3E-09	1.74E-08	0.000000006	1.25E-08	
144	0.00000034	4.96E-08	0.000000537	5.13E-08	0.000000641	9.11E-08	0.000000431	9.41E-08
2.38	1.42E-08	4.1E-09	3.59E-08	5.89E-09	2.59E-08	0.000000009	8.94E-09	
37.72	0.000000119	1.98E-08	0.00000014	0.000000024	4.51E-08	2.81E-08	1.63E-08	
12.06	0.000000194	0.000000014	0.000000498	1.51E-08	0.000000821	2.54E-08	0.000000537	3.98E-08
104.12	0.000000726	6.15E-08	0.000000807	4.86E-08	0.000000641	7.81E-08	0.000000312	5.92E-08
24.82	0.000000109	1.76E-08	9.17E-08	1.77E-08	5.27E-08	2.15E-08	1.97E-08	1.22E-08
35.73	4.05E-08	1.27E-08	8.87E-08	0.000000016	0.000000153	2.87E-08	0.000000137	4.18E-08
49.98	0.000000241	2.57E-08	0.000000482	3.02E-08	0.00000075	4.88E-08	0.00000062	6.42E-08
181.7	0.000000515	3.78E-08	0.00000111	4.74E-08	0.0000019	7.92E-08	0.00000168	0.000000113
0.153	4.22E-10	2.16E-10	2.28E-09	8.81E-10	0.000000003	1.49E-09	1.38E-09	
18.29	9.15E-08	1.18E-08	0.000000137	1.22E-08	0.000000155	2.16E-08	9.94E-08	2.11E-08
16.24	6.04E-08	1.29E-08	9.09E-08	1.34E-08	0.000000102	2.52E-08	6.58E-08	2.48E-08
53.42	9.74E-08	1.67E-08	0.000000195	2.02E-08	0.000000303	3.58E-08	0.00000025	4.62E-08
43.16	0.000000649	5.06E-08	0.00000108	4.08E-08	0.00000114	0.000000055	0.000000552	8.62E-08
80	0.000000205	4.01E-08	0.000000314	4.02E-08	0.00000036	6.93E-08	0.000000235	6.94E-08
156.29	0.000000581	9.97E-08	0.000000734	9.42E-08	0.000000675	0.000000162	0.00000037	0.000000136
4.54	0.000000186	1.14E-08	0.000000373	1.35E-08	0.000000583	2.14E-08	0.000000483	2.82E-08
0.09	0.000000009	2.42E-09	2.45E-08	3.15E-09	3.19E-08	5.14E-09	1.12E-08	4.34E-09
190.63	0.000000397	4.07E-08	0.000000533	0.000000037	0.000000526	6.49E-08	0.000000305	5.81E-08
26.04	0.000000149	2.53E-08	0.000000291	2.96E-08	0.00000044	5.09E-08	0.000000356	6.48E-08
24	4.55E-08	7.09E-09	0.000000062	6.57E-09	6.23E-08	1.17E-08	3.66E-08	1.06E-08
21	0.000000146	3.34E-08	0.000000231	3.36E-08	0.000000276	5.47E-08	0.000000186	5.68E-08
4.02	4.92E-08	6.85E-09	0.000000055	6.38E-09	4.41E-08	9.63E-09	2.16E-08	7.11E-09
46.53	0.000000106	1.99E-08	0.000000251	2.41E-08	0.000000323	3.94E-08	0.000000141	5.68E-08
0.06	1.61E-09	6.02E-10	3.54E-09	8.23E-10	6.11E-09	1.49E-09	5.46E-09	0.000000002
37.2	0.000000294	6.31E-08	0.000000538	7.15E-08	0.000000758	0.00000011	0.00000058	0.00000013
13.38	5.11E-08	1.08E-08	9.57E-08	1.53E-08	6.79E-08	2.44E-08	3.43E-08	
64	0.000000469	3.19E-08	0.000000961	0.000000038	0.00000154	6.09E-08	0.0000013	8.27E-08
93.28	0.000000424	5.36E-08	0.000000695	0.000000054	0.000000862	9.05E-08	0.000000598	9.82E-08
4.5	1.18E-08	3.59E-09	0.000000026	4.88E-09	4.54E-08	9.25E-09	4.09E-08	1.28E-08
136.85	0.000000825	4.89E-08	0.00000124	4.23E-08	0.00000139	6.71E-08	0.000000895	6.99E-08
9.01	2.46E-08	0.000000007	4.42E-08	8.17E-09	6.08E-08	0.000000015	4.56E-08	1.71E-08
1.3	6.78E-09	2.1E-09	1.64E-08	0.000000003	3.18E-08	5.39E-09	0.000000031	8.21E-09
71.06	0.00000012	2.14E-08	0.000000207	2.39E-08	0.000000272	0.000000043	0.000000198	4.77E-08
1.4	0.000000138	8.31E-09	0.000000272	9.36E-09	0.000000414	1.41E-08	0.000000336	1.87E-08
39.91	0.000000101	2.07E-08	0.000000206	2.54E-08	0.000000328	4.15E-08	0.000000276	5.43E-08
115.4	8.39E-08	1.95E-08	0.000000166	2.32E-08	0.000000256	4.52E-08	0.000000209	5.83E-08
19	2.34E-08	9.2E-09	5.04E-08	1.14E-08	8.51E-08	2.04E-08	7.49E-08	2.91E-08
54.38	0.00000145	5.83E-08	0.0000035	8.25E-08	0.00000671	0.000000114	0.00000649	0.000000175
14.22	8.23E-08	9.94E-09	0.000000112	9.1E-09	0.000000112	1.64E-08	6.56E-08	1.49E-08
115.62	0.000000132	2.37E-08	0.000000192	2.46E-08	0.000000208	0.000000045	0.000000129	4.25E-08
21.14	0.000000234	1.71E-08	0.000000397	1.66E-08	0.000000512	0.000000027	0.000000366	3.15E-08
13.21	0.000000172	1.47E-08	0.000000357	1.55E-08	0.000000446	2.34E-08	0.000000223	3.78E-08
58.83	0.00000012	2.33E-08	0.000000302	0.000000033	0.000000602	5.45E-08	0.000000604	8.77E-08
122.21	0.000000277	3.57E-08	0.000000532	0.00000004	0.000000611	6.21E-08	0.000000285	9.46E-08
104.83	0.000000276	5.12E-08	0.000000552	6.21E-08	0.000000857	0.000000103	0.000000707	0.000000132
16.86	0.00000372	0.000000185	0.00000614	0.000000122	0.00000686	0.000000138	0.00000381	0.000000147
658.2	0.00000215	4.71E-08	0.0000037	6.17E-08	0.00000483	0.000000109	0.00000349	0.000000112
172.16	0.000000396	4.27E-08	0.000000619	4.07E-08	0.000000727	7.28E-08	0.000000483	7.62E-08
69.52	0.000000137	3.04E-08	0.000000236	3.22E-08	0.000000312	5.39E-08	0.000000227	6.12E-08
139.46	0.000000335	3.91E-08	0.000000772	4.45E-08	0.00000114	7.18E-08	0.000000688	0.000000129
7.55	0.000000127	1.17E-08	0.000000246	1.18E-08	0.000000304	1.79E-08	0.000000165	2.88E-08
242.18	0.00000101	9.86E-08	0.00000187	0.000000109	0.00000268	0.000000165	0.00000207	0.000000202
118.2	0.000000267	3.23E-08	0.000000515	3.69E-08	0.000000561	5.93E-08	0.000000233	8.34E-08
27.69	6.19E-08	1.17E-08	0.000000111	1.31E-08	0.000000153	2.51E-08	0.000000115	2.93E-08
1040	0.00000205	7.56E-08	0.00000213	8.75E-08	0.00000156	0.000000119	0.00000071	7.84E-08
56.12	0.000000148	2.76E-08	0.000000146	2.45E-08	0.000000101	3.34E-08	4.42E-08	0.000000022
11.32	0.000000111	1.15E-08	0.000000182	1.19E-08	0.000000225	2.05E-08	0.000000156	2.19E-08
10.36	0.000000209	1.42E-08	0.000000391	1.51E-08	0.000000563	2.28E-08	0.000000438	2.91E-08
60.94	0.00000038	3.12E-08	0.000000596	3.01E-08	0.000000705	5.06E-08	0.00000047	0.000000053
42.26	0.000000336	2.83E-08	0.00000057	2.66E-08	0.000000621	3.79E-08	0.000000312	6.55E-08
0.74	5.55E-08	4.42E-09	0.000000169	7.92E-09	0.000000421	1.62E-08	0.000000496	2.97E-08
8.91	7.09E-08	8.62E-09	7.74E-08	7.91E-09	6.03E-08	1.26E-08	2.89E-08	9.2E-09
229.58	0.000000707	7.06E-08	0.00000144	7.19E-08	0.00000193	0.000000106	0.00000115	0.000000182
24.82	8.87E-08	1.35E-08	0.000000159	1.46E-08	0.00000022	2.86E-08	0.000000166	0.000000034
30.59	0.000000107	1.15E-08	0.00000026	1.66E-08	0.000000502	2.83E-08	0.000000488	4.29E-08
117.33	0.000000569	3.96E-08	0.000000947	0.000000038	0.0000012	6.12E-08	0.000000842	6.97E-08
109.17	0.00000136	7.68E-08	0.00000225	7.17E-08	0.00000281	0.000000106	0.00000196	0.000000122
11.26	0.000000173	1.29E-08	0.000000314	1.39E-08	0.000000437	2.33E-08	0.000000332	2.82E-08
37.49	0.000000111	1.79E-08	0.000000183	1.91E-08	0.000000227	3.46E-08	0.000000158	3.69E-08
62	0.0000001	0.000000021	0.000000146	2.05E-08	0.000000158	0.000000039	9.86E-08	3.76E-08
39.48	0.000000315	2.48E-08	0.000000424	2.06E-08	0.000000419	3.44E-08	0.000000243	3.16E-08
96	0.000000333	3.96E-08	0.000000284	3.54E-08	0.000000165	4.35E-08	6.24E-08	2.48E-08
23.67	0.000000158	2.47E-08	0.000000301	2.81E-08	0.000000443	4.51E-08	0.000000351	5.64E-08
28.54	0.00000029	0.000000023	0.000000557	2.63E-08	0.000000827	4.15E-08	0.000000659	5.21E-08
0.14	3.56E-09	8.45E-10	0.000000009	1.31E-09	1.82E-08	2.44E-09	1.84E-08	3.71E-09
183.31	0.000000837	6.38E-08	0.00000128	5.95E-08	0.00000146	9.86E-08	0.000000947	0.000000101
20.15	0.00000115	7.93E-08	0.00000206	8.26E-08	0.00000282	0.000000129	0.00000212	0.000000156
262.95	0.000000709	4.72E-08	0.00000111	4.26E-08	0.0000013	7.17E-08	0.000000865	7.71E-08
11.36	7.52E-08	1.44E-08	8.16E-08	1.39E-08	0.000000063	2.09E-08	0.00000003	0.000000015
47.4	0.000000123	2.21E-08	0.000000286	3.09E-08	0.000000529	5.01E-08	0.000000499	7.29E-08
161.23	0.000000249	0.000000039	0.000000319	3.99E-08	0.000000299	6.88E-08	0.000000166	5.75E-08
69.12	0.000000158	2.23E-08	0.000000284	0.000000025	0.000000391	4.63E-08	0.000000295	5.39E-08
275.2	0.000000263	4.09E-08	0.000000367	3.71E-08	0.000000379	0.000000073	0.000000227	6.87E-08
74.68	0.000000157	2.91E-08	0.000000342	3.84E-08	0.000000588	6.14E-08	0.000000524	8.47E-08
96	8.75E-08	0.000000024	0.000000115	2.42E-08	0.000000111	4.38E-08	6.28E-08	3.81E-08
539.12	0.000000125	4.11E-08	0.000000258	5.16E-08	0.000000417	9.99E-08	0.000000354	0.000000132
102.98	0.000000326	2.43E-08	0.000000617	2.69E-08	0.000000903	4.63E-08	0.000000711	5.83E-08
29.36	0.000000243	2.67E-08	0.00000042	2.79E-08	0.000000555	4.75E-08	0.000000403	5.44E-08
109.22	0.00000476	0.00000018	0.00000632	0.00000013	0.00000616	0.000000132	0.00000352	0.000000132
66.65	0.000000224	4.01E-08	0.000000514	4.66E-08	0.000000607	6.85E-08	0.000000234	8.56E-08
9.96	0.000000078	8.29E-09	0.000000132	8.65E-09	0.000000169	1.58E-08	0.00000012	1.75E-08
30.91	0.000000202	6.71E-08	0.000000359	6.99E-08	0.000000489	0.000000103	0.000000364	0.000000123
116.04	0.000000581	4.73E-08	0.000000839	4.29E-08	0.000000902	7.36E-08	0.000000559	7.15E-08
2.46	1.06E-08	2.94E-09	1.82E-08	3.45E-09	2.38E-08	6.55E-09	1.72E-08	7.12E-09
66.86	0.000000307	0.000000026	0.000000443	2.31E-08	0.000000475	4.01E-08	0.000000294	3.92E-08
113.04	0.000000429	4.84E-08	0.000000703	4.91E-08	0.000000872	0.000000091	0.000000604	9.87E-08
0.5	0.000000003	9.15E-10	1.02E-08	1.89E-09	2.92E-08	3.59E-09	3.81E-08	0.000000007
18.21	9.66E-08	2.17E-08	0.000000149	0.000000023	0.000000173	4.07E-08	0.000000114	4.05E-08
4.93	1.78E-08	4.43E-09	2.27E-08	4.93E-09	2.11E-08	8.19E-09	1.16E-08	6.71E-09
53.74	0.000000121	2.23E-08	0.000000217	2.44E-08	0.000000298	4.59E-08	0.000000224	5.39E-08
15.89	0.000000581	3.91E-08	0.00000128	3.71E-08	0.00000207	0.000000062	0.00000159	9.35E-08
144.95	0.00000205	7.29E-08	0.0000037	7.54E-08	0.00000513	9.13E-08	0.00000387	0.000000115
7.63	0.000000151	1.23E-08	0.000000289	1.23E-08	0.000000343	1.84E-08	0.000000172	3.08E-08
80.06	0.0000011	4.49E-08	0.00000197	0.000000045	0.00000272	6.15E-08	0.00000204	7.76E-08
171.9	0.000000248	3.08E-08	0.000000428	3.31E-08	0.000000563	6.09E-08	0.000000409	6.87E-08
44.58	0.000000465	4.03E-08	0.00000066	3.62E-08	0.000000694	0.00000006	0.000000422	5.71E-08
18.78	0.000000291	2.58E-08	0.000000668	2.77E-08	0.00000107	4.73E-08	0.000000776	8.08E-08
5.03	0.000000233	1.74E-08	0.000000374	1.62E-08	0.000000451	2.65E-08	0.000000306	0.000000029
9.01	0.000000102	1.67E-08	0.000000155	1.63E-08	0.000000175	2.66E-08	0.000000112	2.63E-08
51.54	0.000000146	3.01E-08	0.000000238	3.25E-08	0.000000294	5.54E-08	0.000000203	0.000000058
8.95	0.000000159	2.32E-08	0.000000162	1.89E-08	0.000000117	0.000000027	5.25E-08	1.86E-08
67.41	0.00000043	6.23E-08	0.000000503	5.92E-08	0.000000423	9.48E-08	0.000000215	0.000000073
7.79	7.63E-08	9.7E-09	7.71E-08	8.2E-09	5.46E-08	0.000000012	2.42E-08	8.17E-09
22.42	0.000000162	1.57E-08	0.00000034	1.78E-08	0.000000419	2.72E-08	0.0000002	0.000000045
12.38	3.74E-08	8.85E-09	6.98E-08	9.6E-09	0.0000001	1.79E-08	7.79E-08	2.23E-08
22.14	0.000000125	2.45E-08	0.00000022	2.57E-08	0.000000295	0.00000004	0.000000218	4.68E-08
6.26	0.000000102	0.000000008	0.000000159	7.6E-09	0.000000186	1.31E-08	0.000000123	1.37E-08
129.79	0.000000247	0.000000034	0.000000392	3.37E-08	0.00000047	6.16E-08	0.000000317	0.000000065
75.74	0.00000342	0.000000107	0.00000845	0.000000158	0.0000166	0.000000199	0.0000165	0.000000305
174.74	0.000000469	9.89E-08	0.000000699	9.75E-08	0.000000778	0.000000173	0.000000495	0.000000169
43.8	0.000000317	2.15E-08	0.000000664	2.58E-08	0.00000109	4.16E-08	0.000000941	5.85E-08
105.62	0.000000156	3.77E-08	0.000000256	3.83E-08	0.000000317	7.45E-08	0.00000022	8.07E-08
36.29	3.62E-08	1.18E-08	6.74E-08	1.39E-08	9.71E-08	0.000000028	7.56E-08	3.37E-08
44.51	0.000000177	1.78E-08	0.000000298	1.78E-08	0.000000381	3.51E-08	0.000000271	3.96E-08
132.76	9.86E-08	1.78E-08	0.000000248	2.62E-08	0.0000005	4.57E-08	0.000000503	7.28E-08
81.22	0.00000168	5.59E-08	0.00000327	6.31E-08	0.00000495	0.000000074	0.000004	9.84E-08
50.28	0.000000646	3.67E-08	0.00000141	4.61E-08	0.00000241	6.88E-08	0.00000215	9.93E-08
0.78	1.93E-08	3.36E-09	5.48E-08	5.57E-09	0.000000126	1.01E-08	0.000000141	1.78E-08
94.19	0.00000049	3.33E-08	0.000000873	3.39E-08	0.00000119	5.59E-08	0.000000893	6.81E-08
85.45	0.000000154	0.00000004	0.000000276	4.23E-08	0.000000378	7.44E-08	0.000000283	8.86E-08
0.24	2.34E-09	8.84E-10	6.76E-09	1.5E-09	1.59E-08	2.78E-09	1.79E-08	4.94E-09
	1.53E-08	4.55E-09	1.44E-08	4.9E-09	9.43E-09	0.000000006	8.71E-09	
96	0.000000895	3.86E-08	0.00000183	4.52E-08	0.00000293	6.39E-08	0.00000247	0.000000089
37.25	0.000000484	5.11E-08	0.000000675	4.76E-08	0.000000696	7.86E-08	0.000000417	7.25E-08
18.4	6.63E-08	1.02E-08	9.58E-08	1.06E-08	0.000000103	1.95E-08	0.000000064	1.83E-08
333.76	0.000000543	5.53E-08	0.00000115	6.68E-08	0.0000019	0.000000104	0.00000164	0.000000148
79.71	0.000000235	2.48E-08	0.000000415	2.54E-08	0.00000056	4.66E-08	0.000000415	5.53E-08
459.05	0.000000655	7.19E-08	0.0000009	6.59E-08	0.000000913	0.00000012	0.00000054	0.00000011
64	0.000000112	2.96E-08	0.000000154	2.88E-08	0.000000158	5.11E-08	0.000000094	4.66E-08
0.07	1.45E-09	6.97E-10	5.45E-09	1.17E-09	0.00000001	2.25E-09	4.76E-09	2.43E-09
17.2	5.69E-08	1.04E-08	8.93E-08	1.06E-08	0.000000106	2.04E-08	7.05E-08	2.11E-08
144	0.00000123	5.76E-08	0.00000244	6.47E-08	0.00000377	9.34E-08	0.0000031	0.000000127
100	0.000000363	3.45E-08	0.000000539	0.000000033	0.000000598	6.14E-08	0.00000038	6.08E-08
48	0.000000104	1.73E-08	0.000000119	1.79E-08	9.75E-08	2.87E-08	4.86E-08	2.15E-08
209.24	0.000000842	7.06E-08	0.00000143	7.02E-08	0.00000185	0.000000123	0.00000133	0.000000141
131.52	0.000000308	2.78E-08	0.000000609	0.000000032	0.000000935	5.76E-08	0.000000765	7.54E-08
72.12	0.000000883	3.89E-08	0.00000194	4.98E-08	0.00000334	6.76E-08	0.00000299	9.72E-08
6.64	3.61E-08	7.46E-09	7.92E-08	1.12E-08	4.78E-08	1.97E-08	1.68E-08	
102.04	0.000000393	0.000000034	0.00000067	3.35E-08	0.000000871	5.82E-08	0.000000626	6.75E-08
32.45	5.86E-08	1.03E-08	0.000000114	1.29E-08	0.000000172	2.72E-08	0.000000138	3.35E-08
160	0.000000201	2.84E-08	0.000000218	2.86E-08	0.000000168	4.34E-08	8.01E-08	3.09E-08
238.14	0.00000118	5.96E-08	0.00000198	5.58E-08	0.00000252	8.17E-08	0.00000178	9.62E-08
77.02	0.00000179	0.000000141	0.00000367	0.000000129	0.00000524	0.0000002	0.0000035	0.000000286
11.08	0.000000157	1.33E-08	0.000000234	1.24E-08	0.000000212	1.78E-08	8.69E-08	2.59E-08
168	0.000000226	4.05E-08	0.00000029	3.67E-08	0.000000271	6.46E-08	0.00000015	5.54E-08
0.49	1.02E-08	0.000000002	1.72E-08	2.29E-09	0.000000022	4.22E-09	1.56E-08	4.53E-09
4.35	3.37E-08	4.65E-09	5.52E-08	5.1E-09	6.89E-08	0.00000001	0.000000048	1.06E-08
20.9	0.00000224	6.82E-08	0.00000455	8.24E-08	0.00000721	0.000000092	0.00000604	0.000000121
7.83	4.97E-08	7.13E-09	5.95E-08	6.93E-09	5.15E-08	1.15E-08	2.68E-08	9.11E-09
7.8	4.47E-08	8.72E-09	6.39E-08	8.65E-09	6.81E-08	1.51E-08	0.000000042	1.42E-08
4.35	3.75E-08	0.000000006	5.06E-08	5.93E-09	5.02E-08	1.07E-08	2.92E-08	9.48E-09
71	8.61E-08	2.22E-08	0.000000137	2.45E-08	0.000000164	4.35E-08	0.000000111	4.41E-08
96	9.38E-08	0.000000022	0.000000216	2.93E-08	0.000000394	5.02E-08	0.000000368	7.55E-08
38.63	0.000000852	5.12E-08	0.00000187	4.68E-08	0.00000302	7.73E-08	0.00000237	0.000000139
108.9	0.000000286	4.81E-08	0.00000057	5.74E-08	0.000000886	9.77E-08	0.000000731	0.000000127
44.62	0.000000119	2.49E-08	0.000000245	3.06E-08	0.000000392	5.17E-08	0.000000331	6.83E-08
13.18	6.47E-08	1.42E-08	0.000000107	1.51E-08	0.000000136	2.62E-08	9.51E-08	2.82E-08
365.28	0.00000169	0.00000015	0.00000286	0.000000154	0.00000367	0.000000254	0.00000261	0.000000284
18	0.000000262	0.000000032	0.000000464	3.44E-08	0.000000629	5.56E-08	0.000000468	6.48E-08
406.82	0.00000292	0.00000011	0.00000508	0.000000108	0.00000674	0.000000141	0.00000492	0.000000172
33.26	0.000000611	0.00000004	0.0000011	0.000000042	0.00000153	6.01E-08	0.00000116	7.35E-08
39.04	0.000000711	4.72E-08	0.00000103	4.01E-08	0.00000112	6.88E-08	0.000000697	6.89E-08
377.58	0.000000921	0.000000067	0.00000155	6.56E-08	0.00000198	0.000000107	0.0000014	0.000000122
3	5.33E-08	5.89E-09	5.17E-08	4.85E-09	0.000000035	0.000000007	1.49E-08	4.62E-09
80	0.000000087	1.79E-08	0.00000017	2.12E-08	0.000000258	4.28E-08	0.000000209	5.42E-08
3.35	2.22E-08	5.6E-09	2.92E-08	7.78E-09	1.56E-08		2.17E-09	
336.86	0.000000355	4.18E-08	0.000000766	5.29E-08	0.0000013	8.94E-08	0.00000115	0.000000125
0.43	0.000000006	1.43E-09	8.89E-09	1.58E-09	9.77E-09	2.86E-09	6.17E-09	2.7E-09
0.99	6.59E-09	2.2E-09	1.77E-08	3.54E-09	3.82E-08	6.16E-09	4.04E-08	0.00000001
2.86	2.46E-08	0.000000005	4.29E-08	5.83E-09	5.72E-08	1.09E-08	0.000000042	1.21E-08
15.8	4.89E-08	1.02E-08	7.71E-08	1.08E-08	9.17E-08	2.01E-08	6.15E-08	2.06E-08
26.43	0.000000122	1.88E-08	0.000000194	1.76E-08	0.000000234	3.28E-08	0.000000158	3.56E-08
58.43	0.000000164	2.35E-08	0.000000311	0.000000027	0.000000457	4.63E-08	0.000000361	5.73E-08
1.28	1.62E-08	0.000000003	0.000000027	3.23E-09	3.42E-08	6.2E-09	2.41E-08	6.69E-09
9.04	0.000000157	1.52E-08	0.000000205	1.35E-08	0.000000198	2.22E-08	0.000000112	1.94E-08
0.07	1.3E-09	5.16E-10	3.15E-09	7.51E-10	6.07E-09	1.42E-09	5.91E-09	2.14E-09
158.46	0.00000213	8.35E-08	0.00000345	7.52E-08	0.00000422	9.34E-08	0.00000289	0.000000109
2.68	1.47E-08	6.37E-09	4.91E-08	9.53E-09	6.56E-08	1.48E-08	1.92E-08	1.77E-08
7.55	0.000000284	1.54E-08	0.000000522	1.62E-08	0.00000074	2.45E-08	0.000000569	3.09E-08
51.54	7.73E-08	1.43E-08	0.000000135	0.000000016	0.000000179	3.11E-08	0.000000131	0.000000035
22.31	0.000000139	1.46E-08	0.000000272	1.78E-08	0.000000231	2.85E-08	5.35E-08	2.73E-08
0.18	4.09E-09	1.23E-09	9.66E-09	1.7E-09	1.81E-08	3.47E-09	1.73E-08	5.22E-09
57.42	0.000000127	0.000000017	0.000000211	1.79E-08	0.000000264	3.37E-08	0.000000184	3.65E-08
148.38	0.000000933	6.25E-08	0.00000189	7.23E-08	0.00000301	0.000000115	0.00000252	0.000000159
17.98	6.28E-08	1.03E-08	7.81E-08	1.06E-08	7.07E-08	1.78E-08	3.82E-08	1.44E-08
6.32	5.49E-08	1.29E-08	6.46E-08	1.23E-08	5.48E-08	1.85E-08	2.81E-08	1.42E-08
36.13	0.000000901	5.45E-08	0.00000141	3.67E-08	0.00000144	4.52E-08	0.0000007	6.81E-08
80.88	0.000000313	4.06E-08	0.000000593	4.51E-08	0.000000867	7.75E-08	0.000000684	9.77E-08
26.08	4.96E-08	1.53E-08	8.44E-08	1.59E-08	0.00000011	3.01E-08	7.86E-08	0.000000034
288	0.000000151	3.36E-08	0.000000268	3.67E-08	0.000000362	7.18E-08	0.000000268	8.33E-08
4.3	0.000000193	9.69E-09	0.000000458	1.33E-08	0.000000865	2.11E-08	0.000000829	3.29E-08
228.72	0.000000218	3.59E-08	0.000000362	3.78E-08	0.000000457	7.49E-08	0.000000321	8.19E-08
241.3	0.00000123	6.76E-08	0.00000199	6.17E-08	0.00000243	9.54E-08	0.00000166	0.000000107
33	6.14E-08	1.18E-08	9.25E-08	1.29E-08	0.000000104	2.44E-08	6.69E-08	2.36E-08
3.2	4.97E-08	3.17E-08	0.000000106	4.28E-08	0.000000181	5.75E-08	0.00000016	7.45E-08
150.49	0.000000267	0.000000039	0.000000293	3.54E-08	0.000000229	5.94E-08	0.00000011	4.39E-08
4.82	1.56E-08	4.52E-09	2.11E-08	0.000000005	2.11E-08	0.000000009	1.23E-08	7.94E-09
0.3	2.39E-09	0.000000001	7.17E-09	1.91E-09	1.75E-08	3.32E-09	2.04E-08	5.48E-09
6.07	0.000000315	2.48E-08	0.000000631	2.31E-08	0.000000888	3.58E-08	0.000000597	5.58E-08
105.6	0.000000092	2.22E-08	0.000000166	2.58E-08	0.000000231	5.37E-08	0.000000175	6.27E-08
80	0.000000099	2.76E-08	0.000000167	2.93E-08	0.000000215	5.45E-08	0.000000153	6.02E-08
430.13	0.000000733	8.34E-08	0.00000107	7.94E-08	0.00000116	0.000000144	0.000000726	0.00000014
144.98	0.000000115	2.82E-08	0.000000153	3.06E-08	0.00000015	5.23E-08	8.63E-08	4.48E-08
0.192	5.29E-09	1.48E-09	8.63E-09	2.21E-09	1.07E-08	4.2E-09	7.38E-09	4.43E-09
0.04	0.000000002	1.25E-09	7.61E-09	3.42E-09	0.000000008		1.27E-09	
50.22	9.52E-08	2.86E-08	0.000000206	3.67E-08	0.000000352	5.75E-08	0.000000312	8.06E-08
104.06	0.000000434	3.92E-08	0.000000604	0.000000034	0.000000621	5.86E-08	0.000000372	5.53E-08
39.36	0.000000304	2.89E-08	0.000000492	2.76E-08	0.000000601	5.01E-08	0.000000412	5.47E-08
117.38	0.000000359	6.55E-08	0.00000093	7.55E-08	0.00000124	0.000000115	0.00000052	0.000000171
22.8	0.000000159	3.57E-08	0.000000195	3.47E-08	0.000000173	5.44E-08	9.25E-08	4.36E-08
5.06	0.000000193	3.73E-08	0.000000264	4.63E-08	6.23E-08	4.39E-08	8.77E-09	
64	0.0000017	0.000000085	0.00000258	7.24E-08	0.00000293	0.000000101	0.0000019	0.000000109
67.4	8.79E-08	2.04E-08	0.000000164	2.24E-08	0.000000235	4.18E-08	0.000000182	5.17E-08
122.22	0.000000155	2.51E-08	0.000000251	2.62E-08	0.000000308	5.09E-08	0.000000212	5.42E-08
352.37	0.000000614	6.12E-08	0.000000733	5.31E-08	0.000000632	8.63E-08	0.000000328	0.000000069
43.62	0.000000629	7.76E-08	0.00000112	8.41E-08	0.00000154	0.000000126	0.00000116	0.000000147
124.86	0.00000672	0.000000184	0.0000163	0.000000273	0.0000314	0.000000305	0.0000306	0.000000422
29.55	0.000000371	2.75E-08	0.000000775	3.37E-08	0.00000127	5.71E-08	0.0000011	7.83E-08
26.94	5.89E-08	1.56E-08	9.07E-08	1.73E-08	0.000000105	3.27E-08	6.87E-08	3.24E-08
13.82	4.35E-08	7.91E-09	7.42E-08	8.71E-09	9.65E-08	1.71E-08	6.93E-08	1.89E-08
162.82	0.000000686	0.000000121	0.00000123	0.000000124	0.00000168	0.000000181	0.00000126	0.000000221
91.11	0.00000116	5.43E-08	0.00000225	0.00000006	0.00000338	8.22E-08	0.00000273	0.00000011
67.05	0.000000112	2.37E-08	0.000000115	2.39E-08	8.31E-08	3.69E-08	3.75E-08	2.55E-08
22.66	0.000000127	2.36E-08	0.000000221	2.85E-08	0.000000173	4.03E-08	4.06E-08	3.54E-08
56.33	0.00000434	0.00000013	0.00000712	0.000000125	0.00000885	0.000000109	0.00000615	0.000000125
46.36	0.000000489	2.62E-08	0.000000884	2.67E-08	0.00000122	4.18E-08	0.000000925	5.21E-08
8	0.000000525	4.15E-08	0.000000963	0.000000037	0.00000114	5.23E-08	0.000000615	7.59E-08
1.73	7.69E-08	7.64E-09	0.00000011	0.000000007	0.000000116	1.16E-08	7.14E-08	1.11E-08
14.15	0.000000201	1.41E-08	0.000000321	1.25E-08	0.000000387	2.24E-08	0.000000262	2.49E-08
159.78	0.000000409	3.99E-08	0.000000586	3.67E-08	0.000000623	6.57E-08	0.000000383	6.29E-08
152.14	0.000000228	3.43E-08	0.000000359	3.49E-08	0.000000424	6.71E-08	0.000000283	6.93E-08
20.91	0.000000604	8.48E-08	0.000000963	0.000000101	0.000000546	0.000000158	0.00000019	
5.75	4.94E-08	1.07E-08	7.51E-08	1.07E-08	8.56E-08	1.93E-08	5.55E-08	1.93E-08
64.61	7.42E-08	2.25E-08	0.000000141	2.69E-08	0.000000208	5.04E-08	0.000000165	6.14E-08
3.32	2.72E-08	5.33E-09	1.95E-08	5.44E-09	9.23E-09	5.42E-09	2.94E-09	2.63E-09
48	6.73E-08	0.000000014	0.000000181	1.79E-08	0.000000296	3.18E-08	0.00000018	5.34E-08
6.4	1.69E-08	7.21E-09	4.35E-08	1.12E-08	0.00000009	1.84E-08	9.24E-08	2.91E-08
74.29	0.000000339	4.76E-08	0.000000715	0.00000006	0.00000118	9.99E-08	0.00000102	0.000000135
59.12	0.000000402	3.15E-08	0.000000737	2.76E-08	0.000000869	0.000000041	0.000000458	6.77E-08
69.16	0.000000128	1.91E-08	0.000000212	2.03E-08	0.000000265	3.83E-08	0.000000184	4.12E-08
18.05	0.00000141	7.23E-08	0.00000307	6.42E-08	0.00000498	0.000000103	0.00000397	0.000000147
78.86	0.00000247	0.000000102	0.00000531	0.000000127	0.00000899	0.000000178	0.00000791	0.000000257
78.26	0.000000636	3.35E-08	0.00000129	3.87E-08	0.00000206	0.000000059	0.00000173	8.19E-08
15.18	0.000000112	1.75E-08	0.000000235	2.12E-08	0.000000387	3.87E-08	0.000000333	5.36E-08
17.82	0.000000182	1.98E-08	0.00000023	1.79E-08	0.000000212	3.07E-08	0.000000116	2.59E-08
0.51	3.79E-09	1.61E-09	8.17E-09	2.16E-09	1.39E-08	4.19E-09	1.22E-08	5.66E-09
26.06	8.73E-08	1.48E-08	0.00000015	1.61E-08	0.000000195	3.06E-08	0.00000014	3.41E-08
3.52	2.65E-08	6.07E-09	5.01E-08	7.38E-09	7.35E-08	1.28E-08	0.000000058	1.52E-08
30.17	0.000000104	1.43E-08	0.000000169	1.46E-08	0.000000209	2.96E-08	0.000000144	3.19E-08
112.06	0.000000159	3.45E-08	0.000000314	4.02E-08	0.000000483	7.98E-08	0.000000395	0.000000104
25.81	0.000000321	2.58E-08	0.000000611	2.86E-08	0.000000902	4.69E-08	0.000000715	5.97E-08
176.29	0.00000113	0.000000103	0.00000272	0.000000148	0.00000523	0.000000205	0.00000508	0.000000313
17.91	5.82E-08	1.04E-08	9.47E-08	1.07E-08	0.000000116	0.00000002	8.02E-08	2.14E-08
92.74	0.000000475	4.92E-08	0.000000916	5.61E-08	0.00000137	9.24E-08	0.00000109	0.000000117
4.91	1.31E-08	4.7E-09	2.85E-08	0.000000006	4.88E-08	0.000000011	4.34E-08	1.55E-08
8.66	0.000000251	1.27E-08	0.000000611	1.81E-08	0.00000118	2.84E-08	0.00000116	4.42E-08
77.61	0.000000483	3.58E-08	0.00000118	3.86E-08	0.00000204	6.75E-08	0.0000016	0.00000012
179.52	0.000000219	3.39E-08	0.000000361	3.61E-08	0.000000451	6.77E-08	0.000000314	7.28E-08
37.19	0.000000314	4.01E-08	0.000000744	5.59E-08	0.0000014	8.09E-08	0.00000134	0.000000122
106.62	0.000000362	2.85E-08	0.00000066	2.96E-08	0.000000923	5.22E-08	0.000000702	6.45E-08
107.67	0.000000479	3.36E-08	0.00000102	3.94E-08	0.00000168	6.49E-08	0.00000146	9.46E-08
66.34	0.000000226	2.69E-08	0.00000045	2.83E-08	0.000000533	4.53E-08	0.000000253	7.67E-08
1.02	0.000000008	2.49E-09	2.26E-08	4.25E-09	5.21E-08	0.000000007	5.79E-08	1.17E-08
101.62	0.000000288	3.82E-08	0.000000481	3.88E-08	0.00000061	6.73E-08	0.000000431	7.46E-08
148.19	0.0000005	4.14E-08	0.00000091	4.41E-08	0.00000127	7.71E-08	0.000000967	9.37E-08
7.46	5.44E-08	1.01E-08	0.00000012	1.37E-08	0.000000209	0.000000022	0.000000188	0.00000003
23.84	4.28E-08	1.17E-08	7.48E-08	1.32E-08	0.0000001	2.52E-08	7.34E-08	2.84E-08
4.05	0.000000217	1.75E-08	0.000000341	1.55E-08	0.000000332	2.27E-08	0.000000146	3.46E-08
61.35	0.000000564	3.81E-08	0.00000112	2.53E-08	0.00000154	5.08E-08	0.000000996	8.51E-08
36	7.73E-08	1.73E-08	0.00000015	2.05E-08	0.000000227	3.93E-08	0.000000183	4.94E-08
0.6	0.000000005	1.59E-09	0.000000013	2.38E-09	2.69E-08	4.06E-09	2.76E-08	6.69E-09
233.66	0.000000415	4.05E-08	0.000000664	3.88E-08	0.000000801	7.26E-08	0.000000543	7.81E-08
9.01	0.000000238	2.94E-08	0.000000251	2.43E-08	0.000000186	3.51E-08	0.000000086	2.47E-08
179.52	0.000000653	4.51E-08	0.00000111	4.48E-08	0.00000145	7.37E-08	0.00000104	8.52E-08
9.82	2.13E-08	5.25E-09	4.06E-08	6.34E-09	5.97E-08	1.28E-08	4.73E-08	1.56E-08
25.2	7.91E-08	1.78E-08	0.000000203	2.74E-08	0.000000417	4.63E-08	0.000000426	7.26E-08
2.62	6.08E-09	2.39E-09	1.73E-08	0.000000004	4.01E-08	6.77E-09	4.48E-08	0.000000012
320	0.00000022	0.000000046	0.000000374	4.77E-08	0.000000484	8.93E-08	0.000000347	0.000000101
157.58	0.000000394	0.000000041	0.000000675	4.25E-08	0.000000881	7.63E-08	0.000000635	8.66E-08
1.82	1.07E-08	2.47E-09	2.52E-08	3.4E-09	4.67E-08	6.26E-09	4.42E-08	9.38E-09
22.78	0.000000147	1.29E-08	0.000000365	1.86E-08	0.000000722	3.13E-08	0.000000716	4.95E-08
284.42	0.000000707	5.12E-08	0.0000011	4.77E-08	0.00000129	8.32E-08	0.000000852	8.75E-08
275.05	0.00000026	4.89E-08	0.000000505	5.79E-08	0.000000762	9.98E-08	0.000000615	0.000000125
0.18	4.52E-09	1.6E-09	0.000000016	2.68E-09	3.03E-08	5.16E-09	1.72E-08	7.72E-09
48.19	0.000000363	3.92E-08	0.000000605	3.99E-08	0.000000765	7.55E-08	0.000000538	8.34E-08
64	0.000000443	5.21E-08	0.000000622	4.77E-08	0.000000647	7.86E-08	0.00000039	7.34E-08
221.49	0.000000605	4.85E-08	0.00000104	0.000000049	0.00000137	8.52E-08	0.000000989	9.87E-08
49.28	0.000000267	2.94E-08	0.000000351	2.65E-08	0.000000339	4.45E-08	0.000000193	3.89E-08
17.67	0.00000034	0.000000045	0.000000815	6.61E-08	0.00000156	9.25E-08	0.00000151	0.000000133
57.65	0.000000331	2.32E-08	0.000000728	2.96E-08	0.00000126	4.87E-08	0.00000113	7.05E-08
17.31	9.28E-08	1.95E-08	0.000000122	0.000000018	0.000000119	3.25E-08	6.79E-08	2.88E-08
96.77	0.000000446	4.39E-08	0.00000082	4.66E-08	0.000000786	0.000000067	0.000000264	8.32E-08
223	0.000000971	6.24E-08	0.00000187	6.86E-08	0.00000278	0.000000107	0.00000222	0.00000014
145.91	0.000000217	2.77E-08	0.00000043	3.15E-08	0.000000663	6.36E-08	0.000000544	8.39E-08
3.42	3.51E-08	8.88E-09	4.15E-08	8.69E-09	3.54E-08	1.36E-08	1.82E-08	1.05E-08
	0.00000012	4.06E-08	0.000000189	0.000000041	0.000000224	7.91E-08	0.00000015	8.23E-08
33.91	0.00000298	0.000000143	0.00000542	0.000000101	0.00000664	0.000000122	0.00000384	0.000000156
33	0.000000636	2.71E-08	0.00000123	3.01E-08	0.00000186	4.31E-08	0.0000015	5.71E-08
0.44	1.09E-08	3.5E-09	2.14E-08	4.2E-09	3.26E-08	7.24E-09	2.65E-08	9.08E-09
3	2.06E-08	4.33E-09	2.79E-08	4.49E-09	2.79E-08	7.92E-09	1.63E-08	0.000000007
66	0.000000182	2.17E-08	0.000000266	2.11E-08	0.000000289	3.85E-08	0.000000181	3.71E-08
29.3	0.000000756	0.000000063	0.00000157	7.64E-08	0.00000255	0.000000121	0.00000218	0.000000166
12.08	0.000000036	8.58E-09	6.09E-08	0.00000001	7.83E-08	1.89E-08	5.58E-08	2.02E-08
25.17	0.000000187	2.01E-08	0.000000215	1.67E-08	0.000000176	2.68E-08	8.81E-08	2.07E-08
9.1	0.000000108	1.02E-08	0.000000195	1.08E-08	0.000000269	0.000000019	0.000000203	2.28E-08
23.48	6.35E-08	1.23E-08	0.00000012	0.000000014	0.000000175	2.75E-08	0.000000138	0.000000034
110.87	0.00000043	5.18E-08	0.000000749	5.36E-08	0.000000996	8.94E-08	0.000000729	0.000000104
17.66	0.000000417	0.000000024	0.000000628	2.04E-08	0.000000707	3.15E-08	0.000000454	3.33E-08
84.78	0.0000035	0.000000235	0.00000781	0.000000222	0.0000119	0.000000351	0.00000817	0.000000503
8.8	4.07E-08	8.09E-09	7.26E-08	1.08E-08	5.08E-08	1.71E-08	0.000000026	
41.37	0.00000219	7.79E-08	0.00000494	0.000000103	0.00000884	0.000000134	0.00000812	0.000000197
0.35	4.15E-09	1.88E-09	1.18E-08	3.24E-09	2.79E-08	5.09E-09	3.15E-08	8.7E-09
20.53	0.000000395	2.05E-08	0.000000769	2.27E-08	0.00000116	3.54E-08	0.000000939	0.000000047
22	1.92E-08	9.32E-09	4.87E-08	0.000000014	9.95E-08	0.000000023	0.000000101	3.68E-08
25.1	6.45E-08	1.29E-08	7.16E-08	1.33E-08	5.68E-08	2.01E-08	2.76E-08	1.46E-08
3	0.000000015	5.17E-09	3.13E-08	6.21E-09	5.08E-08	1.08E-08	4.34E-08	1.49E-08
70.66	0.000000306	6.56E-08	0.00000044	6.23E-08	0.000000472	0.000000113	0.000000291	0.000000109
117	0.00000172	8.58E-08	0.00000293	8.29E-08	0.00000379	0.000000115	0.00000272	0.000000136
186.51	0.00000113	5.83E-08	0.00000236	6.88E-08	0.00000387	0.000000101	0.00000333	0.000000145
82.01	0.000000862	5.25E-08	0.000001	3.52E-08	0.000000834	5.36E-08	0.000000422	4.41E-08
315.44	0.000000181	4.02E-08	0.000000303	4.37E-08	0.000000387	8.85E-08	0.000000274	9.71E-08
165.14	0.000000497	2.97E-08	0.00000116	4.01E-08	0.00000216	6.46E-08	0.00000204	9.88E-08
0.07	4.37E-09	2.26E-09	9.8E-09	2.63E-09	7.18E-09	3.16E-09	0.000000001	5.79E-10
282.49	0.000000422	0.000000046	0.000000637	4.19E-08	0.000000722	7.96E-08	0.000000466	8.16E-08
56.31	0.000000519	3.77E-08	0.00000106	4.44E-08	0.00000168	7.03E-08	0.0000014	9.53E-08
	0.00000275	9.87E-08	0.0000045	9.19E-08	0.00000558	0.000000106	0.00000387	0.000000123
460.67	0.000000308	4.85E-08	0.000000619	5.65E-08	0.000000968	0.000000104	0.000000803	0.000000139
8.47	3.87E-08	0.000000009	6.36E-08	8.89E-09	7.95E-08	1.82E-08	5.54E-08	2.02E-08
9.77	0.000000111	1.21E-08	0.000000215	1.37E-08	0.00000022	2.01E-08	7.84E-08	2.65E-08
49.47	0.00000284	0.000000159	0.00000562	0.00000013	0.00000792	0.000000194	0.00000544	0.000000263
1.24	3.53E-08	6.29E-09	5.27E-08	6.54E-09	0.000000059	1.12E-08	3.77E-08	1.08E-08
184	0.000000149	2.94E-08	0.000000271	3.26E-08	0.000000378	6.48E-08	0.000000288	7.72E-08
5.61	6.59E-08	9.07E-09	0.000000126	1.14E-08	0.00000011	1.74E-08	2.83E-08	1.76E-08
336.38	0.000000548	0.000000108	0.000000894	0.000000107	0.0000011	0.00000017	0.000000763	0.000000186
5.66	4.94E-08	1.58E-08	0.000000119	2.25E-08	0.000000228	3.44E-08	0.000000221	5.27E-08
0.04	2.73E-09	6.86E-10	5.27E-09	8.99E-10	7.91E-09	1.55E-09	6.34E-09	1.8E-09
208	0.00000137	0.000000162	0.00000238	0.000000168	0.00000314	0.000000288	0.00000228	0.000000331
85.82	9.13E-08	0.000000022	0.000000165	2.42E-08	0.000000228	4.66E-08	0.000000172	5.51E-08
58.26	7.21E-08	0.000000018	0.000000198	2.87E-08	0.000000439	4.83E-08	0.000000474	8.36E-08
40.46	0.000000157	0.000000022	0.000000278	2.44E-08	0.000000377	4.53E-08	0.00000028	5.21E-08
42.8	0.000000219	0.000000025	0.000000449	2.92E-08	0.000000572	4.61E-08	0.000000301	7.96E-08
55	0.000000084	1.68E-08	0.000000153	1.77E-08	0.000000214	3.29E-08	0.000000163	4.03E-08
2.29	1.03E-08	3.19E-09	2.34E-08	0.000000004	0.000000042	7.58E-09	3.87E-08	1.16E-08
113.34	0.000016	0.000000419	0.000028	0.000000454	0.0000376	0.000000374	0.0000277	0.000000396
0.14	3.57E-09	0.000000001	1.09E-08	1.86E-09	0.000000027	3.6E-09	3.18E-08	6.62E-09
24.95	8.88E-08	2.01E-08	0.000000193	0.000000025	0.00000033	3.99E-08	0.000000293	5.81E-08
8.7	9.78E-08	1.71E-08	0.000000144	1.74E-08	0.000000159	3.03E-08	0.0000001	0.000000029
88.73	0.00000244	7.62E-08	0.00000535	9.89E-08	0.00000925	0.000000123	0.00000829	0.000000174
27.02	0.000000187	3.25E-08	0.000000355	3.82E-08	0.00000052	6.68E-08	0.00000041	8.13E-08
186.68	0.000000449	5.17E-08	0.000000896	6.05E-08	0.00000139	0.000000108	0.00000115	0.000000142
64	7.64E-08	4.07E-08	0.000000184	5.78E-08	0.000000352	8.34E-08	0.00000034	0.000000128
265.39	0.000000834	5.25E-08	0.00000146	5.16E-08	0.00000195	8.76E-08	0.00000143	0.000000106
3	9.23E-08	3.64E-08	0.000000194	4.85E-08	0.00000032	7.43E-08	0.000000276	9.42E-08
56.68	0.000000222	2.65E-08	0.000000254	2.44E-08	0.000000208	0.000000039	0.000000104	2.96E-08
301.87	0.000000142	3.44E-08	0.000000306	4.43E-08	0.000000518	8.74E-08	0.000000456	0.000000121
64	0.000000225	4.57E-08	0.000000321	4.35E-08	0.000000338	0.000000074	0.000000206	6.94E-08
146.36	0.000000583	5.75E-08	0.000000692	4.85E-08	0.000000594	7.86E-08	0.000000308	6.29E-08
7.84	4.15E-08	1.07E-08	8.36E-08	1.33E-08	0.000000131	2.47E-08	0.000000109	3.18E-08
75.09	0.000000557	3.17E-08	0.00000122	3.95E-08	0.00000209	6.15E-08	0.00000187	9.02E-08
7.14	0.00000022	2.39E-08	0.000000358	2.37E-08	0.000000442	0.00000004	0.000000305	4.34E-08
78.22	0.000000243	3.68E-08	0.000000363	3.78E-08	0.000000407	6.83E-08	0.00000026	6.66E-08
0.58	2.8E-09	1.54E-09	7.58E-09	2.54E-09	1.66E-08	4.34E-09	1.77E-08	0.000000007
8	9.02E-08	3.88E-08	0.000000223	5.72E-08	0.000000441	8.52E-08	0.000000442	0.000000131
77.95	4.14E-08	2.02E-08	8.54E-08	2.45E-08	0.000000137	4.59E-08	0.000000117	6.25E-08
129.53	0.000000629	4.66E-08	0.000000865	3.97E-08	0.000000879	6.94E-08	0.000000521	0.000000065
64	0.00000183	0.000000148	0.00000323	0.000000152	0.00000437	0.000000219	0.00000325	0.000000264
135.52	0.000000693	7.88E-08	0.00000137	8.53E-08	0.00000163	0.000000127	0.000000785	0.000000201
9.6	5.13E-08	2.27E-08	0.000000121	3.28E-08	0.000000223	5.01E-08	0.00000021	6.94E-08
62.45	0.00000011	0.000000039	0.000000218	4.62E-08	0.000000335	7.33E-08	0.000000274	9.39E-08
99.28	0.000000818	6.48E-08	0.000002	6.79E-08	0.00000284	0.000000104	0.00000147	0.000000153
2.16	3.61E-08	5.76E-09	5.56E-08	5.94E-09	0.000000064	1.11E-08	4.19E-08	1.11E-08
361.6	0.00000108	7.76E-08	0.00000165	6.83E-08	0.00000187	0.000000121	0.00000121	0.000000126
4.37	0.000000399	0.000000027	0.00000051	0.000000017	0.000000388	2.11E-08	0.000000137	2.86E-08
38.92	0.00000053	3.65E-08	0.000000954	3.79E-08	0.00000132	5.97E-08	0.000000996	0.000000073
112.28	0.000000573	5.39E-08	0.00000126	6.94E-08	0.00000219	0.000000102	0.00000196	0.000000147
174	0.000000339	4.05E-08	0.000000551	4.18E-08	0.000000677	7.76E-08	0.000000466	8.29E-08
39.18	0.000000462	3.62E-08	0.000000751	2.81E-08	0.000000794	4.04E-08	0.000000399	6.58E-08
6.65	4.28E-08	5.74E-09	0.000000102	8.08E-09	0.000000194	1.55E-08	0.000000186	2.33E-08
107.14	0.000000131	2.49E-08	0.000000209	2.68E-08	0.000000251	5.24E-08	0.00000017	5.42E-08
48.03	0.000000177	5.03E-08	0.000000366	6.04E-08	0.000000592	8.67E-08	0.000000504	0.00000012
0.27	9.79E-09	1.58E-09	2.94E-08	2.83E-09	7.19E-08	5.55E-09	8.37E-08	9.86E-09
19.59	0.000000159	2.54E-08	0.000000392	3.64E-08	0.000000773	6.16E-08	0.000000766	9.79E-08
0.384	2.07E-08	0.000000013	6.33E-08	2.37E-08	0.000000159	3.46E-08	0.000000189	6.17E-08
7.42	0.00000193	0.000000113	0.00000256	8.74E-08	0.00000251	0.000000111	0.00000144	0.000000104
130.91	0.000000351	3.63E-08	0.000000451	3.36E-08	0.000000425	5.69E-08	0.000000237	4.85E-08
80	0.000000124	1.97E-08	0.000000321	2.94E-08	0.000000669	3.56E-08	0.000000689	7.99E-08
14.8	0.000000566	5.67E-08	0.000000887	5.43E-08	0.00000105	8.74E-08	0.000000697	9.16E-08
68.49	0.000000838	4.85E-08	0.00000146	4.74E-08	0.00000194	6.82E-08	0.00000142	8.27E-08
12.88	0.00000011	0.000000012	0.00000018	1.17E-08	0.000000223	2.29E-08	0.000000155	2.53E-08
0.29	5.92E-09	1.61E-09	1.59E-08	2.61E-09	3.45E-08	4.7E-09	3.67E-08	7.61E-09
28.99	0.00000114	8.74E-08	0.00000277	0.000000126	0.00000537	0.000000195	0.00000524	0.000000299
26	5.98E-08	1.27E-08	0.000000103	1.42E-08	0.000000136	2.85E-08	9.89E-08	3.18E-08
0.12	6.37E-09	1.27E-09	0.00000002	2.37E-09	5.14E-08	5.3E-09	0.000000062	9.85E-09
164.97	0.00000032	3.83E-08	0.000000355	3.59E-08	0.000000281	5.85E-08	0.000000136	4.32E-08
2.22	2.98E-08	4.38E-09	5.98E-08	5.39E-09	9.34E-08	1.01E-08	7.73E-08	1.29E-08
96	0.000000357	3.96E-08	0.000000382	3.45E-08	0.00000029	5.17E-08	0.000000136	3.69E-08
22.17	0.000000043	1.15E-08	9.23E-08	1.48E-08	0.000000156	2.63E-08	0.000000137	3.63E-08
18.01	0.000000055	8.84E-09	8.39E-08	0.000000009	9.61E-08	0.000000017	6.25E-08	1.71E-08
70.34	0.000000151	3.68E-08	0.000000319	4.57E-08	0.000000529	8.08E-08	0.000000459	0.000000111
6.74	0.000000105	2.02E-08	0.000000199	2.32E-08	0.000000291	3.75E-08	0.000000229	4.59E-08
3.92	5.56E-08	6.72E-09	6.53E-08	5.93E-09	5.53E-08	9.61E-09	2.83E-08	7.54E-09
9.26	2.67E-08	0.000000006	4.54E-08	6.47E-09	5.88E-08	1.28E-08	4.22E-08	1.43E-08
518.66	0.00000104	0.000000107	0.00000112	8.75E-08	0.000000856	0.000000134	0.000000404	9.71E-08
191.18	0.000000622	4.93E-08	0.00000133	6.13E-08	0.00000224	8.76E-08	0.00000197	0.000000124
7.67	8.86E-08	1.55E-08	0.000000105	1.28E-08	8.97E-08	0.000000022	4.63E-08	1.78E-08
48	5.66E-08	1.67E-08	0.000000108	2.02E-08	0.00000016	4.02E-08	0.000000127	0.000000049
114.99	0.000000696	4.52E-08	0.00000166	6.12E-08	0.00000315	0.000000101	0.00000303	0.00000016
86.23	0.000000254	2.59E-08	0.000000384	2.49E-08	0.000000434	4.59E-08	0.00000028	4.62E-08
41.2	0.000000159	2.85E-08	0.000000168	2.67E-08	0.000000127	3.92E-08	5.92E-08	2.76E-08
97.88	0.000000422	3.71E-08	0.000000659	3.36E-08	0.000000773	5.97E-08	0.000000513	6.38E-08
57.02	7.48E-08	1.96E-08	0.000000166	2.63E-08	0.00000029	4.52E-08	0.000000261	6.33E-08
72.47	0.000000203	2.46E-08	0.000000347	0.000000026	0.000000451	4.82E-08	0.000000325	5.42E-08
24.96	8.68E-08	1.62E-08	0.000000115	1.63E-08	0.000000111	2.78E-08	6.37E-08	0.000000024
48	0.000000428	3.25E-08	0.000000611	0.000000028	0.000000647	4.95E-08	0.000000396	4.83E-08
104.07	0.000000489	6.71E-08	0.000000729	6.18E-08	0.000000813	0.000000108	0.000000518	0.000000108
66	7.07E-08	1.68E-08	0.000000131	1.95E-08	0.000000186	3.95E-08	0.000000143	4.72E-08
480	0.000000723	8.34E-08	0.00000146	9.71E-08	0.00000229	0.000000145	0.00000191	0.000000196
225	0.000000541	6.12E-08	0.000000787	5.78E-08	0.000000853	0.000000109	0.000000532	0.000000106
38.81	0.000000973	4.16E-08	0.00000143	3.38E-08	0.00000157	4.44E-08	0.000000984	0.000000047
97.55	0.000000861	4.81E-08	0.00000129	4.08E-08	0.00000146	6.06E-08	0.000000936	6.41E-08
63.68	0.00000396	0.000000201	0.00000593	0.000000113	0.00000616	0.000000124	0.00000336	0.000000164
385.54	1.37E-08	2.69E-08	6.21E-08	6.73E-08	0.000000239	0.000000176	0.000000388	0.000000239
0.03	6.55E-10	7.42E-10	6.14E-09	1.66E-09	7.86E-09	3.09E-09	5.21E-10	2.84E-10
0.16	1.63E-08	2.42E-09	2.92E-08	2.74E-09	4.03E-08	4.53E-09	3.03E-08	5.2E-09
192.81	0.00000104	6.21E-08	0.0000016	5.48E-08	0.00000186	8.41E-08	0.00000122	9.03E-08
36	8.73E-08	1.79E-08	0.000000143	1.89E-08	0.000000178	3.72E-08	0.000000123	0.00000004
1.42	3.49E-08	5.5E-09	4.71E-08	5.57E-09	4.67E-08	9.7E-09	2.71E-08	8.52E-09
140.9	0.000000202	2.64E-08	0.000000437	3.28E-08	0.000000743	5.53E-08	0.000000656	7.91E-08
199.76	0.00000137	7.33E-08	0.00000199	5.95E-08	0.00000214	8.68E-08	0.00000133	8.91E-08
86.44	0.000000223	2.32E-08	0.00000034	2.24E-08	0.000000388	4.14E-08	0.000000252	0.000000042
198.55	0.0000035	0.000000106	0.00000783	0.000000142	0.0000138	0.000000167	0.0000126	0.000000235
12.08	0.000000236	3.42E-08	0.000000422	3.71E-08	0.000000579	5.92E-08	0.000000433	6.93E-08
472.6	0.000000728	4.74E-08	0.00000104	5.73E-08	0.0000011	9.69E-08	0.000000671	9.24E-08
16.62	8.94E-08	0.000000018	0.000000141	1.83E-08	0.000000167	3.22E-08	0.000000112	3.32E-08
7	9.29E-08	1.36E-08	9.71E-08	1.23E-08	7.18E-08	1.81E-08	0.000000033	1.26E-08
174.72	0.00000117	5.28E-08	0.00000219	0.000000056	0.00000316	7.92E-08	0.00000246	0.000000102
2.56	0.000000161	0.000000015	0.000000423	1.73E-08	0.000000737	0.000000032	0.000000524	4.66E-08
16.88	0.000000107	1.25E-08	0.000000129	1.14E-08	0.000000113	1.89E-08	5.92E-08	1.52E-08
436.44	0.0000003	5.81E-08	0.000000508	6.07E-08	0.000000655	0.000000108	0.000000468	0.000000121
356.42	0.000000715	7.16E-08	0.000000943	6.03E-08	0.000000911	0.000000108	0.000000519	0.000000097
31.3	0.0000002	2.86E-08	0.000000333	2.98E-08	0.000000421	5.52E-08	0.000000295	6.05E-08
3.4	1.43E-08	3.08E-09	0.000000034	4.44E-09	6.39E-08	8.19E-09	6.11E-08	0.000000012
114.34	0.00000223	8.48E-08	0.00000335	7.22E-08	0.00000375	8.18E-08	0.0000024	8.75E-08
198.66	0.000000203	4.29E-08	0.000000366	4.42E-08	0.000000508	8.46E-08	0.000000384	0.000000104
65.46	0.000000139	0.000000027	0.00000023	2.71E-08	0.000000289	5.28E-08	0.000000203	5.84E-08
71.86	0.00000104	8.53E-08	0.00000204	7.49E-08	0.00000275	0.000000117	0.00000173	0.000000191
3.26	6.34E-08	1.65E-08	9.78E-08	1.55E-08	0.000000113	2.48E-08	7.44E-08	2.57E-08
104.27	0.000000168	3.76E-08	0.000000292	3.94E-08	0.000000387	7.02E-08	0.000000282	8.07E-08
70.98	0.000000139	0.000000021	0.000000298	2.59E-08	0.000000502	4.62E-08	0.000000441	6.56E-08
74.89	0.00000222	0.000000116	0.00000428	8.99E-08	0.00000604	0.00000013	0.00000432	0.000000172
177.28	0.000000606	7.71E-08	0.000000792	0.000000068	0.00000076	0.000000116	0.00000043	0.000000102
80.68	0.00000405	0.000000222	0.00000762	0.000000162	0.00000974	0.00000022	0.00000588	0.000000333
18.72	0.00000026	2.32E-08	0.000000465	2.11E-08	0.000000502	0.00000003	0.000000228	4.22E-08
101.67	0.000000489	3.64E-08	0.000000788	3.34E-08	0.000000961	5.81E-08	0.000000657	6.46E-08
5.31	0.000000149	1.39E-08	0.000000274	1.52E-08	0.000000386	0.000000026	0.000000296	3.14E-08
134.91	0.000000692	6.26E-08	0.00000125	6.52E-08	0.00000173	9.77E-08	0.0000013	0.00000012
0.83	2.18E-08	2.57E-09	6.44E-08	4.42E-09	0.000000155	8.73E-09	0.000000178	1.59E-08
41.95	0.000000465	9.06E-08	0.000000734	9.78E-08	0.000000873	0.000000183	0.000000586	0.000000187
0.24	4.11E-09	1.51E-09	1.14E-08	2.55E-09	2.54E-08	4.39E-09	2.76E-08	7.08E-09
1088	0.000000354	8.57E-08	0.000000524	8.92E-08	0.00000058	0.000000178	0.000000367	0.000000173
263.8	0.00000248	0.000000103	0.00000429	0.000000102	0.00000565	0.000000127	0.0000041	0.000000154
3.97	4.72E-08	1.23E-08	7.82E-08	1.26E-08	9.85E-08	2.18E-08	0.000000069	2.39E-08
43.46	0.000000383	4.03E-08	0.00000058	3.85E-08	0.000000658	6.67E-08	0.000000425	6.73E-08
0.51	6.56E-09	2.17E-09	8.55E-09	2.29E-09	8.15E-09	3.94E-09	4.59E-09	3.36E-09
214.41	0.000000889	4.89E-08	0.00000169	5.27E-08	0.00000248	8.62E-08	0.00000196	0.000000112
30.67	7.79E-08	2.53E-08	0.000000161	3.18E-08	0.000000259	5.37E-08	0.00000022	7.04E-08
11.68	0.000000056	6.73E-09	0.000000133	9.36E-09	0.000000251	1.74E-08	0.000000241	2.64E-08
266.68	0.00000316	0.000000141	0.00000483	0.000000123	0.00000554	0.000000157	0.00000361	0.00000017
80.27	0.00000017	2.04E-08	0.000000353	2.47E-08	0.000000574	0.000000049	0.00000049	6.68E-08
36.74	6.47E-08	1.33E-08	0.000000083	1.38E-08	7.78E-08	2.41E-08	4.32E-08	2.02E-08
233.6	0.000000164	3.79E-08	0.000000263	4.08E-08	0.000000317	8.01E-08	0.000000215	8.33E-08
3.68	5.73E-08	7.09E-09	7.68E-08	6.71E-09	7.56E-08	1.12E-08	4.37E-08	9.85E-09
48	0.00000111	0.000000118	0.00000167	0.000000107	0.00000188	0.00000017	0.00000121	0.000000174
7	2.67E-08	7.32E-09	4.34E-08	8.23E-09	5.34E-08	1.56E-08	3.68E-08	1.62E-08
61.76	0.000000101	0.000000018	0.000000161	1.76E-08	0.000000193	3.53E-08	0.00000013	3.74E-08
12	0.000000125	2.26E-08	0.000000209	2.31E-08	0.000000265	0.000000041	0.000000188	4.55E-08
34.96	0.000000237	3.59E-08	0.000000266	3.53E-08	0.000000214	5.58E-08	0.000000105	4.13E-08
87.76	0.000000724	5.55E-08	0.00000113	5.02E-08	0.00000132	7.65E-08	0.000000879	8.22E-08
16.85	0.000000723	5.84E-08	0.00000142	5.38E-08	0.00000176	0.00000008	0.000000945	0.000000123
4.28	2.59E-08	4.88E-09	0.000000058	6.56E-09	0.000000102	1.19E-08	0.000000093	1.68E-08
19.26	0.000000477	3.72E-08	0.000000585	2.36E-08	0.000000317	3.23E-08	5.54E-08	2.29E-08
60.9	0.000000505	8.43E-08	0.000000878	8.93E-08	0.00000117	0.000000144	0.000000853	0.000000165
154.93	0.000000293	0.000000044	0.000000579	4.94E-08	0.000000578	7.59E-08	0.000000192	9.43E-08
79.4	0.000000737	5.75E-08	0.00000111	4.59E-08	0.00000102	6.28E-08	0.000000429	9.37E-08
21.47	0.000000254	3.26E-08	0.00000044	3.58E-08	0.000000581	0.000000065	0.000000423	7.28E-08
220	0.000000684	9.88E-08	0.00000108	9.49E-08	0.00000129	0.000000161	0.000000869	0.000000171
13.8	0.00000178	0.000000103	0.00000199	6.61E-08	0.00000158	8.21E-08	0.000000774	6.56E-08
0.08	2.06E-09	2.15E-09	1.31E-08	3.15E-09	0.000000013	4.84E-09	7.95E-10	7.53E-10
25.77	0.00000376	0.000000184	0.00000906	0.000000175	0.0000144	0.000000264	0.00000953	0.00000028
10.05	0.00000106	9.69E-08	0.00000248	9.82E-08	0.00000394	0.000000169	0.00000276	0.000000265
27.22	0.000000955	5.16E-08	0.00000123	3.82E-08	0.00000116	5.48E-08	0.000000646	4.98E-08
15.68	9.35E-08	1.13E-08	0.000000215	1.56E-08	0.000000392	2.67E-08	0.000000366	3.86E-08
96	3.64E-08	1.59E-08	0.000000105	2.69E-08	0.000000249	4.58E-08	0.000000281	8.25E-08
54.24	9.59E-08	0.000000019	0.000000144	1.95E-08	0.000000161	3.86E-08	0.000000103	3.81E-08
46.29	0.000000673	3.44E-08	0.00000123	0.000000036	0.00000172	0.000000054	0.00000131	6.71E-08
42.48	0.00000357	0.000000175	0.00000679	0.000000195	0.00000998	0.000000273	0.0000079	0.000000348
44.32	0.000001	3.77E-08	0.00000216	4.69E-08	0.00000367	6.34E-08	0.00000323	9.18E-08
55.67	0.00000624	0.000000245	0.0000119	0.000000268	0.0000176	0.000000352	0.000014	0.000000462
13	0.00000165	7.98E-08	0.00000318	6.29E-08	0.00000424	8.31E-08	0.00000271	9.97E-08
64	0.000000373	5.31E-08	0.000000494	4.93E-08	0.00000048	8.39E-08	0.000000274	7.36E-08
5.16	4.29E-08	7.42E-09	8.11E-08	9.74E-09	7.32E-08	1.59E-08	2.07E-08	1.57E-08
41.06	0.000000534	2.89E-08	0.00000122	3.77E-08	0.00000219	5.56E-08	0.00000202	8.44E-08
385.27	0.000000902	7.46E-08	0.00000135	6.71E-08	0.00000151	0.000000121	0.000000962	0.000000123
48	9.44E-08	2.31E-08	0.000000106	2.35E-08	8.48E-08	3.69E-08	4.15E-08	2.74E-08
86.88	0.000000587	6.52E-08	0.00000103	6.71E-08	0.00000137	0.000000102	0.00000101	0.00000012
258.55	0.000000178	3.45E-08	0.000000245	3.41E-08	0.000000249	6.53E-08	0.000000148	5.96E-08
8.54	0.000000018	0.000000005	3.88E-08	6.36E-09	6.58E-08	1.22E-08	0.000000058	1.68E-08
79.57	0.000000658	5.46E-08	0.00000146	0.000000053	0.00000219	8.51E-08	0.00000147	0.000000136
48	0.000000349	5.96E-08	0.000000614	6.24E-08	0.000000824	0.000000103	0.000000607	0.000000121
26.76	5.42E-08	2.08E-08	0.000000133	3.04E-08	0.000000259	4.18E-08	0.000000254	6.32E-08
26.18	0.000000141	2.68E-08	0.000000188	2.64E-08	0.000000185	4.61E-08	0.000000107	4.05E-08
63.39	0.00000104	8.03E-08	0.00000154	7.16E-08	0.0000017	0.000000113	0.00000107	0.000000113
547.48	0.000000859	8.23E-08	0.0000012	6.96E-08	0.00000123	0.000000123	0.00000074	0.000000117
36.54	0.000000103	1.84E-08	0.000000126	1.81E-08	0.000000112	2.98E-08	5.94E-08	2.39E-08
0.4	7.54E-09	0.000000002	0.000000015	2.37E-09	2.31E-08	4.22E-09	0.000000019	5.45E-09
24.8	0.000000312	3.15E-08	0.000000606	3.19E-08	0.000000682	4.73E-08	0.0000003	7.39E-08
79.09	0.000000134	2.51E-08	0.000000232	2.77E-08	0.000000308	5.07E-08	0.000000225	5.71E-08
3.62	2.75E-08	5.14E-09	0.000000045	5.38E-09	5.57E-08	9.67E-09	3.85E-08	1.03E-08
6.78	0.000000103	9.93E-09	0.000000131	9.26E-09	0.000000121	0.000000015	6.67E-08	1.25E-08
11.62	0.000000148	1.64E-08	0.000000309	2.05E-08	0.000000502	3.58E-08	0.000000429	4.78E-08
162.16	0.000000973	5.19E-08	0.00000188	0.000000057	0.00000283	8.26E-08	0.00000227	0.00000011
26.62	0.000000117	1.62E-08	0.000000217	1.75E-08	0.000000309	3.17E-08	0.000000239	3.92E-08
13	4.72E-08	9.22E-09	6.99E-08	9.76E-09	7.74E-08	1.82E-08	0.000000049	1.76E-08
0.46	5.6E-09	1.69E-09	1.89E-08	3.44E-09	5.29E-08	6.56E-09	6.79E-08	1.25E-08
117.76	0.000000353	3.81E-08	0.000000587	3.76E-08	0.000000741	6.38E-08	0.00000052	7.12E-08
290	0.0000012	7.73E-08	0.00000197	7.16E-08	0.00000245	0.000000113	0.0000017	0.000000129
7.87	6.17E-08	1.21E-08	6.01E-08	1.18E-08	4.09E-08	1.64E-08	1.76E-08	1.07E-08
48	8.88E-08	2.02E-08	0.000000133	2.07E-08	0.000000149	3.92E-08	9.52E-08	3.84E-08
828.6	0.00000476	0.000000164	0.00000885	0.000000174	0.0000127	0.000000209	0.00000983	0.00000027
2.52	1.75E-08	3.42E-09	3.65E-08	4.32E-09	5.93E-08	8.47E-09	5.07E-08	1.13E-08
59.84	0.000000225	3.85E-08	0.000000374	4.04E-08	0.000000471	6.97E-08	0.000000331	7.57E-08
374.27	0.000000415	8.11E-08	0.000000703	8.86E-08	0.000000908	0.000000155	0.000000649	0.00000017
106.44	0.000000219	2.77E-08	0.000000356	0.000000029	0.000000436	5.53E-08	0.0000003	5.88E-08
101.22	0.00000238	0.000000122	0.00000275	7.72E-08	0.00000228	0.000000101	0.00000115	8.53E-08
26.87	6.51E-08	1.75E-08	9.58E-08	1.75E-08	0.000000105	3.21E-08	6.61E-08	3.11E-08
38.73	0.000000645	3.48E-08	0.00000112	3.44E-08	0.00000149	5.06E-08	0.00000109	6.08E-08
61.66	0.000000136	2.15E-08	0.000000245	2.41E-08	0.000000339	4.46E-08	0.000000256	5.23E-08
38.1	0.00000104	7.47E-08	0.0000012	4.43E-08	0.000000567	5.55E-08	8.02E-08	3.26E-08
54.72	0.000000459	4.23E-08	0.000000609	3.71E-08	0.000000593	6.14E-08	0.00000034	5.47E-08
253.84	0.00000202	8.56E-08	0.00000401	9.59E-08	0.00000617	0.000000143	0.00000505	0.000000195
26.09	0.000000109	1.65E-08	0.000000236	2.15E-08	0.000000403	3.42E-08	0.000000356	4.72E-08
58.29	0.000000107	2.28E-08	0.000000202	2.68E-08	0.000000292	4.96E-08	0.000000229	5.97E-08
5.52	0.000000119	0.000000017	0.000000157	1.56E-08	0.000000151	2.58E-08	0.000000086	2.25E-08
41.02	0.000000559	3.59E-08	0.000000608	2.43E-08	0.00000047	3.61E-08	0.000000224	2.75E-08
26.58	6.41E-08	1.24E-08	0.000000107	1.37E-08	0.000000135	0.000000025	9.51E-08	2.68E-08
27.61	0.000000935	9.86E-08	0.00000147	9.66E-08	0.00000174	0.000000148	0.00000117	0.000000154
90.46	7.55E-08	2.37E-08	0.000000212	3.67E-08	0.000000208	6.26E-08	0.00000004	5.66E-08
8.13	6.54E-08	1.45E-08	7.64E-08	1.45E-08	6.42E-08	2.32E-08	3.27E-08	1.78E-08
0.22	4.33E-09	1.1E-09	0.000000009	1.46E-09	1.46E-08	2.72E-09	1.25E-08	3.48E-09
0.1	1.48E-08	1.4E-09	0.000000037	2.14E-09	7.43E-08	4.68E-09	7.45E-08	7.22E-09
60.57	0.000000197	2.13E-08	0.000000317	2.21E-08	0.000000387	0.000000042	0.000000265	4.44E-08
5	8.61E-08	9.87E-09	9.91E-08	8.44E-09	8.19E-08	1.32E-08	4.11E-08	1.02E-08
28.36	0.000000218	2.36E-08	0.000000303	2.19E-08	0.000000312	3.69E-08	0.000000187	3.41E-08
13.9	9.94E-08	2.15E-08	0.000000157	2.12E-08	0.000000186	3.36E-08	0.000000125	3.51E-08
26.18	6.86E-08	1.83E-08	0.000000169	0.000000022	0.000000221	3.56E-08	9.61E-08	5.07E-08
119.55	0.00000122	6.57E-08	0.00000235	7.24E-08	0.00000351	0.000000101	0.0000028	0.000000133
69.62	0.000000534	4.39E-08	0.000000815	3.47E-08	0.000000734	0.000000048	0.000000286	6.82E-08
62.88	0.000000496	3.14E-08	0.000000901	3.27E-08	0.00000126	5.09E-08	0.000000954	0.000000063
24.17	9.32E-08	1.52E-08	0.000000137	1.49E-08	0.00000015	2.58E-08	0.000000094	2.49E-08
130.28	0.000000145	2.82E-08	0.000000241	3.09E-08	0.000000304	5.91E-08	0.000000214	6.37E-08
1.25	1.55E-08	4.22E-09	2.63E-08	4.69E-09	3.38E-08	8.3E-09	2.41E-08	0.000000009
7.28	3.77E-08	9.79E-09	5.82E-08	1.04E-08	6.76E-08	1.85E-08	4.44E-08	1.85E-08
37.16	0.000000305	3.46E-08	0.000000437	3.07E-08	0.000000466	5.17E-08	0.000000287	5.02E-08
7	2.48E-08	6.39E-09	5.24E-08	8.39E-09	8.67E-08	1.58E-08	0.000000075	2.09E-08
158.78	0.000000434	4.48E-08	0.000000741	4.52E-08	0.000000966	6.98E-08	0.000000695	8.03E-08
0.45	5.61E-09	1.4E-09	1.42E-08	2.1E-09	2.89E-08	4.14E-09	2.92E-08	6.55E-09
117.44	0.000000166	4.83E-08	0.000000486	5.84E-08	0.000000788	0.000000103	0.000000416	0.00000016
26.74	0.000000196	0.000000019	0.000000314	0.000000019	0.00000038	0.000000035	0.000000258	3.71E-08
89.94	0.000000162	2.66E-08	0.0000003	3.05E-08	0.000000427	5.59E-08	0.000000329	6.67E-08
179.78	0.00000258	0.000000087	0.00000582	0.000000115	0.0000104	0.00000015	0.00000951	0.000000221
0.58	4.89E-09	2.23E-09	1.18E-08	3.2E-09	2.27E-08	5.22E-09	0.000000022	7.93E-09
13.66	0.000000111	1.25E-08	0.000000268	1.77E-08	0.000000516	3.04E-08	0.000000502	4.69E-08
47.51	0.00000058	4.19E-08	0.000000969	4.06E-08	0.00000123	6.61E-08	0.000000867	7.52E-08
60.1	9.74E-08	2.35E-08	0.000000154	2.63E-08	0.000000183	5.25E-08	0.000000123	5.36E-08
14.8	0.000000213	1.75E-08	0.000000425	2.08E-08	0.00000066	3.49E-08	0.000000545	4.52E-08
20	0.000000153	2.36E-08	0.00000024	2.37E-08	0.000000283	4.16E-08	0.000000188	4.29E-08
163.74	0.000000182	0.000000027	0.000000312	3.05E-08	0.00000041	5.72E-08	0.000000297	0.000000063
31.31	0.000000299	5.57E-08	0.000000394	4.79E-08	0.000000381	8.28E-08	0.000000217	7.38E-08
65.54	0.000000257	4.16E-08	0.000000245	3.59E-08	0.000000162	0.000000047	6.82E-08	2.99E-08
22.05	0.00000044	5.31E-08	0.000000677	5.04E-08	0.000000784	7.93E-08	0.000000514	8.16E-08
93.8	0.000000385	3.07E-08	0.000000659	3.08E-08	0.000000859	5.34E-08	0.000000618	6.16E-08
50.29	0.000000306	3.52E-08	0.000000531	3.61E-08	0.000000558	5.05E-08	0.00000025	7.76E-08
8.89	1.93E-08	8.33E-09	5.01E-08	1.27E-08	0.000000104	1.84E-08	0.000000108	3.02E-08
38.88	0.000000207	2.44E-08	0.00000047	2.79E-08	0.000000679	4.42E-08	0.000000402	7.63E-08
0.81	9.84E-08	8.91E-09	0.0000002	0.000000011	0.000000316	0.000000018	0.000000264	2.32E-08
48	7.83E-08	2.51E-08	0.000000173	3.35E-08	0.0000003	5.23E-08	0.00000027	7.26E-08
20.59	5.55E-08	1.35E-08	8.29E-08	1.24E-08	9.27E-08	2.25E-08	5.92E-08	2.28E-08
166	0.000000224	3.56E-08	0.000000312	3.22E-08	0.000000322	5.66E-08	0.000000193	0.000000053
26.82	0.000000609	0.000000046	0.000000941	3.26E-08	0.000000864	4.55E-08	0.000000345	7.01E-08
9.71	0.00000014	2.12E-08	0.000000159	1.95E-08	0.00000013	2.91E-08	6.49E-08	2.18E-08
7.63	0.000000147	3.38E-08	0.000000144	3.08E-08	9.83E-08	4.03E-08	4.23E-08	2.61E-08
28.18	0.000000149	1.85E-08	0.000000206	1.62E-08	0.00000021	2.77E-08	0.000000125	2.59E-08
71.05	0.000000186	4.37E-08	0.000000344	4.94E-08	0.000000491	8.09E-08	0.00000038	9.74E-08
6.99	0.000000096	1.63E-08	0.000000162	1.79E-08	0.000000208	3.26E-08	0.000000148	3.54E-08
21.44	0.000000183	0.000000026	0.000000295	2.73E-08	0.00000036	0.000000048	0.000000246	5.03E-08
30.14	0.000000225	2.29E-08	0.000000274	0.00000002	0.000000242	3.36E-08	0.000000128	2.75E-08
125.38	0.00000176	7.85E-08	0.00000287	7.22E-08	0.00000355	9.86E-08	0.00000245	0.000000114
25.08	0.000000416	5.09E-08	0.000000848	5.42E-08	0.0000011	8.17E-08	0.000000615	0.000000122
161.38	0.00000141	9.74E-08	0.00000175	7.29E-08	0.00000158	0.000000105	0.000000851	9.07E-08
27.22	5.99E-08	1.66E-08	0.000000138	2.34E-08	0.000000108	3.65E-08	1.63E-08	2.71E-08
43.36	0.000000339	3.66E-08	0.000000744	4.15E-08	0.000000904	6.13E-08	0.000000392	0.000000088
147.8	0.000000191	3.04E-08	0.000000389	3.59E-08	0.000000617	6.12E-08	0.000000517	8.25E-08
97.23	0.000000246	4.08E-08	0.000000521	5.26E-08	0.000000868	7.75E-08	0.000000756	0.000000103
80	0.000000212	2.99E-08	0.000000299	2.78E-08	0.000000312	4.88E-08	0.000000189	4.57E-08
5	0.000000107	1.63E-08	0.00000017	1.69E-08	0.000000204	3.05E-08	0.000000138	3.18E-08
69	0.000000132	0.000000028	0.000000256	3.17E-08	0.000000385	6.21E-08	0.000000309	7.95E-08
95.72	0.00000042	3.66E-08	0.000000634	3.39E-08	0.000000716	5.93E-08	0.000000461	6.02E-08
2.8	6.05E-08	8.75E-09	9.07E-08	8.52E-09	0.000000102	1.41E-08	6.52E-08	1.39E-08
226.2	0.00000105	5.82E-08	0.00000193	6.05E-08	0.00000274	9.77E-08	0.00000211	0.000000124
55.12	0.000000402	3.13E-08	0.000000571	2.65E-08	0.000000602	4.39E-08	0.000000367	4.27E-08
89.52	0.00000027	3.28E-08	0.00000031	3.26E-08	0.000000255	5.16E-08	0.000000127	3.87E-08
130.82	0.000000143	2.51E-08	0.000000305	0.000000033	0.00000051	6.46E-08	0.000000446	8.68E-08
324.5	0.00000208	0.000000139	0.00000399	0.000000108	0.00000429	0.000000143	0.00000173	0.000000207
52.37	0.000000657	3.79E-08	0.00000119	3.82E-08	0.00000164	6.12E-08	0.00000124	7.65E-08
23.44	0.00000106	6.21E-08	0.00000181	4.43E-08	0.00000198	5.68E-08	0.000000986	8.89E-08
38	0.000000139	1.81E-08	0.0000002	1.73E-08	0.000000215	3.24E-08	0.000000133	0.000000031
20.05	0.000000181	1.87E-08	0.000000302	1.91E-08	0.000000381	0.000000033	0.000000268	3.63E-08
339.14	0.000000332	5.63E-08	0.000000647	6.63E-08	0.000000978	0.000000121	0.00000079	0.000000154
182.71	0.000000395	6.12E-08	0.000000433	5.46E-08	0.000000338	8.72E-08	0.000000162	6.42E-08
6.06	4.59E-08	8.18E-09	4.61E-08	0.000000008	3.26E-08	1.25E-08	1.44E-08	8.5E-09
778.4	0.000000908	0.000000073	0.00000155	7.24E-08	0.00000202	0.000000124	0.00000145	0.000000144
0.9	2.04E-08	5.64E-09	3.66E-08	5.89E-09	5.02E-08	9.9E-09	3.77E-08	1.19E-08
86.54	0.000000242	5.92E-08	0.000000269	0.000000056	0.000000214	8.45E-08	0.000000104	6.23E-08
